{
  "rmse": 0.9813964181480793,
  "mae": 0.7551676116912216,
  "r2": 0.1398141872017532
}